-- phpMyAdmin SQL Dump
-- version 4.2.11
-- http://www.phpmyadmin.net
--
-- Host: 127.0.0.1
-- Generation Time: Sep 16, 2022 at 08:03 AM
-- Server version: 5.6.21
-- PHP Version: 5.6.3

SET SQL_MODE = "NO_AUTO_VALUE_ON_ZERO";
SET time_zone = "+00:00";

--
-- Database: `school`
--

-- --------------------------------------------------------

--
-- Table structure for table `acd_history`
--

CREATE TABLE IF NOT EXISTS `acd_history` (
  `id` int(11) NOT NULL,
  `student_id` int(11) NOT NULL,
  `examtype` longtext COLLATE utf8_unicode_ci NOT NULL,
  `group` longtext COLLATE utf8_unicode_ci NOT NULL,
  `board` longtext COLLATE utf8_unicode_ci NOT NULL,
  `passing_yr` longtext COLLATE utf8_unicode_ci NOT NULL,
  `special_mark` longtext COLLATE utf8_unicode_ci NOT NULL,
  `ttl_mark` longtext COLLATE utf8_unicode_ci NOT NULL,
  `date` date NOT NULL
) ENGINE=InnoDB DEFAULT CHARSET=utf8 COLLATE=utf8_unicode_ci;

-- --------------------------------------------------------

--
-- Table structure for table `acd_session`
--

CREATE TABLE IF NOT EXISTS `acd_session` (
`id` int(11) NOT NULL,
  `name` longtext COLLATE utf8_unicode_ci NOT NULL,
  `is_dt` longtext COLLATE utf8_unicode_ci,
  `is_open` int(1) NOT NULL,
  `strt_dt` date DEFAULT NULL,
  `end_dt` longtext COLLATE utf8_unicode_ci
) ENGINE=InnoDB AUTO_INCREMENT=9 DEFAULT CHARSET=utf8 COLLATE=utf8_unicode_ci;

--
-- Dumping data for table `acd_session`
--

INSERT INTO `acd_session` (`id`, `name`, `is_dt`, `is_open`, `strt_dt`, `end_dt`) VALUES
(8, '2021-23', NULL, 1, '2021-09-16', '2023-01-18');

-- --------------------------------------------------------

--
-- Table structure for table `admin`
--

CREATE TABLE IF NOT EXISTS `admin` (
`admin_id` int(11) NOT NULL,
  `name` longtext COLLATE utf8_unicode_ci NOT NULL,
  `email` longtext COLLATE utf8_unicode_ci NOT NULL,
  `password` longtext COLLATE utf8_unicode_ci NOT NULL,
  `level` longtext COLLATE utf8_unicode_ci NOT NULL
) ENGINE=InnoDB AUTO_INCREMENT=2 DEFAULT CHARSET=utf8 COLLATE=utf8_unicode_ci;

--
-- Dumping data for table `admin`
--

INSERT INTO `admin` (`admin_id`, `name`, `email`, `password`, `level`) VALUES
(1, 'School Admin', 'admin@mail.com', 'Password@123', '1');

-- --------------------------------------------------------

--
-- Table structure for table `attendance`
--

CREATE TABLE IF NOT EXISTS `attendance` (
`attendance_id` int(11) NOT NULL,
  `status` int(11) NOT NULL COMMENT '0 undefined , 1 present , 2  absent',
  `student_id` int(11) NOT NULL,
  `date` date NOT NULL
) ENGINE=InnoDB AUTO_INCREMENT=38 DEFAULT CHARSET=latin1;

--
-- Dumping data for table `attendance`
--

INSERT INTO `attendance` (`attendance_id`, `status`, `student_id`, `date`) VALUES
(1, 1, 1, '2015-12-10'),
(2, 0, 1, '2015-12-11'),
(3, 0, 1, '2016-01-23'),
(4, 0, 1, '2016-01-30'),
(5, 0, 1, '2020-03-12'),
(6, 1, 1, '2022-03-12'),
(7, 1, 1, '2021-11-20'),
(8, 2, 3, '2022-03-12'),
(9, 2, 4, '2022-03-12'),
(10, 2, 5, '2022-03-12'),
(11, 2, 6, '2022-03-12'),
(12, 2, 7, '2022-03-12'),
(13, 2, 8, '2022-03-12'),
(14, 2, 9, '2022-03-12'),
(15, 1, 1, '2022-03-13'),
(16, 2, 2, '2022-03-13'),
(17, 1, 12, '2022-03-13'),
(18, 1, 10, '2022-03-13'),
(19, 1, 11, '2022-03-13'),
(20, 1, 14, '2022-03-13'),
(21, 1, 3, '2022-03-13'),
(22, 1, 4, '2022-03-13'),
(23, 1, 5, '2022-03-13'),
(24, 1, 6, '2022-03-13'),
(25, 2, 7, '2022-03-13'),
(26, 1, 8, '2022-03-13'),
(27, 1, 9, '2022-03-13'),
(28, 2, 13, '2022-03-13'),
(29, 0, 3, '2020-03-13'),
(30, 0, 4, '2020-03-13'),
(31, 0, 5, '2020-03-13'),
(32, 0, 6, '2020-03-13'),
(33, 0, 7, '2020-03-13'),
(34, 0, 8, '2020-03-13'),
(35, 0, 9, '2020-03-13'),
(36, 0, 13, '2020-03-13'),
(37, 1, 2, '2022-09-16');

-- --------------------------------------------------------

--
-- Table structure for table `book`
--

CREATE TABLE IF NOT EXISTS `book` (
`book_id` int(11) NOT NULL,
  `name` longtext COLLATE utf8_unicode_ci NOT NULL,
  `description` longtext COLLATE utf8_unicode_ci NOT NULL,
  `author` longtext COLLATE utf8_unicode_ci NOT NULL,
  `class_id` longtext COLLATE utf8_unicode_ci NOT NULL,
  `status` longtext COLLATE utf8_unicode_ci NOT NULL,
  `price` longtext COLLATE utf8_unicode_ci NOT NULL
) ENGINE=InnoDB AUTO_INCREMENT=4 DEFAULT CHARSET=utf8 COLLATE=utf8_unicode_ci;

--
-- Dumping data for table `book`
--

INSERT INTO `book` (`book_id`, `name`, `description`, `author`, `class_id`, `status`, `price`) VALUES
(1, 'LBook One', 'Desc-0078', 'AuthorOne', '4', 'available', '11'),
(2, 'LBook Two', 'Desc-0089', 'AuthorTwo', '4', 'available', '13'),
(3, 'LBook Three', 'Desc-0118', 'AuthorThree', '5', 'available', '19');

-- --------------------------------------------------------

--
-- Table structure for table `ci_sessions`
--

CREATE TABLE IF NOT EXISTS `ci_sessions` (
  `id` varchar(40) COLLATE utf8_unicode_ci NOT NULL,
  `ip_address` varchar(45) COLLATE utf8_unicode_ci NOT NULL,
  `timestamp` int(10) unsigned NOT NULL DEFAULT '0',
  `data` blob NOT NULL
) ENGINE=InnoDB DEFAULT CHARSET=utf8 COLLATE=utf8_unicode_ci;

--
-- Dumping data for table `ci_sessions`
--

INSERT INTO `ci_sessions` (`id`, `ip_address`, `timestamp`, `data`) VALUES
('00e9a7649d3e7d013b41e33df4afc197d47cf8c7', '::1', 1661827935, 0x5f5f63695f6c6173745f726567656e65726174657c693a313636313832373933353b61646d696e5f6c6f67696e7c733a313a2231223b61646d696e5f69647c733a313a2231223b6c6f67696e5f757365725f69647c733a313a2231223b6e616d657c733a31323a225363686f6f6c2041646d696e223b6c6f67696e5f747970657c733a353a2261646d696e223b),
('015a447db4fe344d43edf6564aae2d2593dd256a', '::1', 1647185186, 0x5f5f63695f6c6173745f726567656e65726174657c693a313634373138343838363b61646d696e5f6c6f67696e7c733a313a2231223b61646d696e5f69647c733a313a2231223b6c6f67696e5f757365725f69647c733a313a2231223b6e616d657c733a31323a225363686f6f6c2041646d696e223b6c6f67696e5f747970657c733a353a2261646d696e223b666c6173685f6d6573736167657c733a31323a22446174612055706461746564223b5f5f63695f766172737c613a313a7b733a31333a22666c6173685f6d657373616765223b733a333a226f6c64223b7d),
('069e633497eee7c923270723f19db79465c067fa', '::1', 1647185342, 0x5f5f63695f6c6173745f726567656e65726174657c693a313634373138353139303b61646d696e5f6c6f67696e7c733a313a2231223b61646d696e5f69647c733a313a2231223b6c6f67696e5f757365725f69647c733a313a2231223b6e616d657c733a31323a225363686f6f6c2041646d696e223b6c6f67696e5f747970657c733a353a2261646d696e223b),
('0d128cd3cf46da92adde486eff98e82b3df89df5', '::1', 1661827642, 0x5f5f63695f6c6173745f726567656e65726174657c693a313636313832373633343b61646d696e5f6c6f67696e7c733a313a2231223b61646d696e5f69647c733a313a2231223b6c6f67696e5f757365725f69647c733a313a2231223b6e616d657c733a31323a225363686f6f6c2041646d696e223b6c6f67696e5f747970657c733a353a2261646d696e223b),
('0e88277c92de23d2a533a3aae347d7172634738c', '::1', 1663295269, 0x5f5f63695f6c6173745f726567656e65726174657c693a313636333239353236333b61646d696e5f6c6f67696e7c733a313a2231223b61646d696e5f69647c733a313a2231223b6c6f67696e5f757365725f69647c733a313a2231223b6e616d657c733a31323a225363686f6f6c2041646d696e223b6c6f67696e5f747970657c733a353a2261646d696e223b),
('151ab4a89340bbd00fb529eaa5d2bc389c9b0c10', '::1', 1647187510, 0x5f5f63695f6c6173745f726567656e65726174657c693a313634373138373531303b61646d696e5f6c6f67696e7c733a313a2231223b61646d696e5f69647c733a313a2231223b6c6f67696e5f757365725f69647c733a313a2231223b6e616d657c733a31323a225363686f6f6c2041646d696e223b6c6f67696e5f747970657c733a353a2261646d696e223b),
('175357b91aa5c3204100dd81a8bd6368264262de', '::1', 1647190226, 0x5f5f63695f6c6173745f726567656e65726174657c693a313634373139303231383b61646d696e5f6c6f67696e7c733a313a2231223b61646d696e5f69647c733a313a2231223b6c6f67696e5f757365725f69647c733a313a2231223b6e616d657c733a31323a225363686f6f6c2041646d696e223b6c6f67696e5f747970657c733a353a2261646d696e223b),
('23520caef99625591f10f7666b851d0ad54c3ef7', '::1', 1647192530, 0x5f5f63695f6c6173745f726567656e65726174657c693a313634373139323531393b61646d696e5f6c6f67696e7c733a313a2231223b61646d696e5f69647c733a313a2231223b6c6f67696e5f757365725f69647c733a313a2231223b6e616d657c733a31323a225363686f6f6c2041646d696e223b6c6f67696e5f747970657c733a353a2261646d696e223b),
('2c40f7068539d979e160afcdcdb00ff75d54fe14', '::1', 1647192169, 0x5f5f63695f6c6173745f726567656e65726174657c693a313634373139323136393b61646d696e5f6c6f67696e7c733a313a2231223b61646d696e5f69647c733a313a2231223b6c6f67696e5f757365725f69647c733a313a2231223b6e616d657c733a31323a225363686f6f6c2041646d696e223b6c6f67696e5f747970657c733a353a2261646d696e223b),
('31ad21bebe3eac9b822168e8d47b1906f618e045', '::1', 1661757308, 0x5f5f63695f6c6173745f726567656e65726174657c693a313636313735373330383b61646d696e5f6c6f67696e7c733a313a2231223b61646d696e5f69647c733a313a2231223b6c6f67696e5f757365725f69647c733a313a2231223b6e616d657c733a31323a225363686f6f6c2041646d696e223b6c6f67696e5f747970657c733a353a2261646d696e223b),
('332a01665ddf7aa80db7cda61079abe3c602d531', '::1', 1661700551, 0x5f5f63695f6c6173745f726567656e65726174657c693a313636313730303535313b61646d696e5f6c6f67696e7c733a313a2231223b61646d696e5f69647c733a313a2231223b6c6f67696e5f757365725f69647c733a313a2231223b6e616d657c733a31323a225363686f6f6c2041646d696e223b6c6f67696e5f747970657c733a353a2261646d696e223b),
('38a5d9b737daa7c28de7d700ee1198f72485db04', '::1', 1647185870, 0x5f5f63695f6c6173745f726567656e65726174657c693a313634373138353837303b61646d696e5f6c6f67696e7c733a313a2231223b61646d696e5f69647c733a313a2231223b6c6f67696e5f757365725f69647c733a313a2231223b6e616d657c733a31323a225363686f6f6c2041646d696e223b6c6f67696e5f747970657c733a353a2261646d696e223b),
('47290f3048eed23b236a1a47c9e53f988c5ec7be', '::1', 1661739631, 0x5f5f63695f6c6173745f726567656e65726174657c693a313636313733393630333b73747564656e745f6c6f67696e7c733a313a2231223b73747564656e745f69647c733a313a2231223b6c6f67696e5f757365725f69647c733a313a2231223b6e616d657c733a31363a224d6164656c696e6520436f6c6c696e73223b6c6f67696e5f747970657c733a373a2273747564656e74223b),
('4a90461d244f1154968e1b5bcc32e47ce151a99e', '::1', 1647186182, 0x5f5f63695f6c6173745f726567656e65726174657c693a313634373138363138323b61646d696e5f6c6f67696e7c733a313a2231223b61646d696e5f69647c733a313a2231223b6c6f67696e5f757365725f69647c733a313a2231223b6e616d657c733a31323a225363686f6f6c2041646d696e223b6c6f67696e5f747970657c733a353a2261646d696e223b),
('4e6565c16581ff8b89b3a123f04ad1b89443131d', '::1', 1661732354, 0x5f5f63695f6c6173745f726567656e65726174657c693a313636313733323333343b61646d696e5f6c6f67696e7c733a313a2231223b61646d696e5f69647c733a313a2231223b6c6f67696e5f757365725f69647c733a313a2231223b6e616d657c733a31323a225363686f6f6c2041646d696e223b6c6f67696e5f747970657c733a353a2261646d696e223b),
('52905d700a8471a35d7895c0cd2f6b3d7308e6db', '::1', 1647188235, 0x5f5f63695f6c6173745f726567656e65726174657c693a313634373138383136373b61646d696e5f6c6f67696e7c733a313a2231223b61646d696e5f69647c733a313a2231223b6c6f67696e5f757365725f69647c733a313a2231223b6e616d657c733a31323a225363686f6f6c2041646d696e223b6c6f67696e5f747970657c733a353a2261646d696e223b),
('5cff6777d93669a43ac96d84da8890ac4a075c80', '::1', 1647185509, 0x5f5f63695f6c6173745f726567656e65726174657c693a313634373138353530393b61646d696e5f6c6f67696e7c733a313a2231223b61646d696e5f69647c733a313a2231223b6c6f67696e5f757365725f69647c733a313a2231223b6e616d657c733a31323a225363686f6f6c2041646d696e223b6c6f67696e5f747970657c733a353a2261646d696e223b),
('5e6cf7e04c3e79ab2228a5083dbf7eb0c683bc60', '::1', 1661826903, 0x5f5f63695f6c6173745f726567656e65726174657c693a313636313832363636363b61646d696e5f6c6f67696e7c733a313a2231223b61646d696e5f69647c733a313a2231223b6c6f67696e5f757365725f69647c733a313a2231223b6e616d657c733a31323a225363686f6f6c2041646d696e223b6c6f67696e5f747970657c733a353a2261646d696e223b),
('6708db5b32905e4b23e8c47ed59d8f5445b8d20f', '::1', 1662941389, 0x5f5f63695f6c6173745f726567656e65726174657c693a313636323934313335393b61646d696e5f6c6f67696e7c733a313a2231223b61646d696e5f69647c733a313a2231223b6c6f67696e5f757365725f69647c733a313a2231223b6e616d657c733a31323a225363686f6f6c2041646d696e223b6c6f67696e5f747970657c733a353a2261646d696e223b),
('679d5e08bbaa49ddade499b2eeab617df29a97ac', '::1', 1647191205, 0x5f5f63695f6c6173745f726567656e65726174657c693a313634373139303932393b61646d696e5f6c6f67696e7c733a313a2231223b61646d696e5f69647c733a313a2231223b6c6f67696e5f757365725f69647c733a313a2231223b6e616d657c733a31323a225363686f6f6c2041646d696e223b6c6f67696e5f747970657c733a353a2261646d696e223b),
('6c9030b01f42bbd597fc0714a2027a20dfbeada5', '::1', 1661829151, 0x5f5f63695f6c6173745f726567656e65726174657c693a313636313832393034353b61646d696e5f6c6f67696e7c733a313a2231223b61646d696e5f69647c733a313a2231223b6c6f67696e5f757365725f69647c733a313a2231223b6e616d657c733a31323a225363686f6f6c2041646d696e223b6c6f67696e5f747970657c733a353a2261646d696e223b),
('6f943cf9b892b5187af347ec868d50bb929028f8', '::1', 1661827628, 0x5f5f63695f6c6173745f726567656e65726174657c693a313636313832373332373b61646d696e5f6c6f67696e7c733a313a2231223b61646d696e5f69647c733a313a2231223b6c6f67696e5f757365725f69647c733a313a2231223b6e616d657c733a31323a225363686f6f6c2041646d696e223b6c6f67696e5f747970657c733a353a2261646d696e223b),
('714e5e8765b38d36f6abd16da02046adbe573a57', '::1', 1661829466, 0x5f5f63695f6c6173745f726567656e65726174657c693a313636313832393436363b61646d696e5f6c6f67696e7c733a313a2231223b61646d696e5f69647c733a313a2231223b6c6f67696e5f757365725f69647c733a313a2231223b6e616d657c733a31323a225363686f6f6c2041646d696e223b6c6f67696e5f747970657c733a353a2261646d696e223b),
('718ba56c5d55fda016c965f2e9a2e9707aaab9bd', '::1', 1647187201, 0x5f5f63695f6c6173745f726567656e65726174657c693a313634373138373230313b61646d696e5f6c6f67696e7c733a313a2231223b61646d696e5f69647c733a313a2231223b6c6f67696e5f757365725f69647c733a313a2231223b6e616d657c733a31323a225363686f6f6c2041646d696e223b6c6f67696e5f747970657c733a353a2261646d696e223b),
('72e4408f94dc6f73b479366c690c2e63d81030c5', '::1', 1647186886, 0x5f5f63695f6c6173745f726567656e65726174657c693a313634373138363838363b61646d696e5f6c6f67696e7c733a313a2231223b61646d696e5f69647c733a313a2231223b6c6f67696e5f757365725f69647c733a313a2231223b6e616d657c733a31323a225363686f6f6c2041646d696e223b6c6f67696e5f747970657c733a353a2261646d696e223b),
('7664cd2e4846eb7294a38cd29b33feff22a592db', '::1', 1661758902, 0x5f5f63695f6c6173745f726567656e65726174657c693a313636313735383839323b746561636865725f6c6f67696e7c733a313a2231223b746561636865725f69647c733a313a2235223b6c6f67696e5f757365725f69647c733a313a2235223b6e616d657c733a31343a2250616d20522e20576f72746d616e223b6c6f67696e5f747970657c733a373a2274656163686572223b),
('7bed990129501e4eff5f7c9a2cb65c97f6c945db', '::1', 1661830321, 0x5f5f63695f6c6173745f726567656e65726174657c693a313636313833303332313b61646d696e5f6c6f67696e7c733a313a2231223b61646d696e5f69647c733a313a2231223b6c6f67696e5f757365725f69647c733a313a2231223b6e616d657c733a31323a225363686f6f6c2041646d696e223b6c6f67696e5f747970657c733a353a2261646d696e223b),
('7c8f34c4dd79486cb83c7cb32379ebd754cabbac', '::1', 1662380968, 0x5f5f63695f6c6173745f726567656e65726174657c693a313636323338303732323b61646d696e5f6c6f67696e7c733a313a2231223b61646d696e5f69647c733a313a2231223b6c6f67696e5f757365725f69647c733a313a2231223b6e616d657c733a31323a225363686f6f6c2041646d696e223b6c6f67696e5f747970657c733a353a2261646d696e223b666c6173685f6d6573736167657c733a31323a22446174612055706461746564223b5f5f63695f766172737c613a313a7b733a31333a22666c6173685f6d657373616765223b733a333a226f6c64223b7d),
('84e14867a3dac51765ecf84b8f2e90f6b9879145', '::1', 1661740069, 0x5f5f63695f6c6173745f726567656e65726174657c693a313636313734303035363b61646d696e5f6c6f67696e7c733a313a2231223b61646d696e5f69647c733a313a2231223b6c6f67696e5f757365725f69647c733a313a2231223b6e616d657c733a31323a225363686f6f6c2041646d696e223b6c6f67696e5f747970657c733a353a2261646d696e223b),
('8eb4ab20034c4a321bc58e7f449544bac3ab5d87', '::1', 1647190212, 0x5f5f63695f6c6173745f726567656e65726174657c693a313634373139303231323b),
('9014b99b9726dd72e653b6dd8d1eff9c83083f1b', '::1', 1661756990, 0x5f5f63695f6c6173745f726567656e65726174657c693a313636313735363937313b61646d696e5f6c6f67696e7c733a313a2231223b61646d696e5f69647c733a313a2231223b6c6f67696e5f757365725f69647c733a313a2231223b6e616d657c733a31323a225363686f6f6c2041646d696e223b6c6f67696e5f747970657c733a353a2261646d696e223b),
('90d2265b7b6835a3fc7beb623e66262c1640caef', '::1', 1661740423, 0x5f5f63695f6c6173745f726567656e65726174657c693a313636313734303432333b61646d696e5f6c6f67696e7c733a313a2231223b61646d696e5f69647c733a313a2231223b6c6f67696e5f757365725f69647c733a313a2231223b6e616d657c733a31323a225363686f6f6c2041646d696e223b6c6f67696e5f747970657c733a353a2261646d696e223b),
('957d9aca007704b158a889934207d952cc239580', '::1', 1661757978, 0x5f5f63695f6c6173745f726567656e65726174657c693a313636313735373937383b61646d696e5f6c6f67696e7c733a313a2231223b61646d696e5f69647c733a313a2231223b6c6f67696e5f757365725f69647c733a313a2231223b6e616d657c733a31323a225363686f6f6c2041646d696e223b6c6f67696e5f747970657c733a353a2261646d696e223b),
('96f3b6c494acd5ae18899787b6ed15a4bacceb12', '::1', 1647193514, 0x5f5f63695f6c6173745f726567656e65726174657c693a313634373139333233383b61646d696e5f6c6f67696e7c733a313a2231223b61646d696e5f69647c733a313a2231223b6c6f67696e5f757365725f69647c733a313a2231223b6e616d657c733a31323a225363686f6f6c2041646d696e223b6c6f67696e5f747970657c733a353a2261646d696e223b),
('9bcab1ee5ce3e915d6f66a259c7829e931bcb788', '::1', 1662254262, 0x5f5f63695f6c6173745f726567656e65726174657c693a313636323235343139333b61646d696e5f6c6f67696e7c733a313a2231223b61646d696e5f69647c733a313a2231223b6c6f67696e5f757365725f69647c733a313a2231223b6e616d657c733a31323a225363686f6f6c2041646d696e223b6c6f67696e5f747970657c733a353a2261646d696e223b),
('9c5cc52fdbad0fcbf23e00a7ca314b5bc865c08b', '::1', 1662262496, 0x5f5f63695f6c6173745f726567656e65726174657c693a313636323236323439363b61646d696e5f6c6f67696e7c733a313a2231223b61646d696e5f69647c733a313a2231223b6c6f67696e5f757365725f69647c733a313a2231223b6e616d657c733a31323a225363686f6f6c2041646d696e223b6c6f67696e5f747970657c733a353a2261646d696e223b),
('9e3709b39226d15cccb0fe48db1dcb9b7b553a37', '::1', 1647191875, 0x5f5f63695f6c6173745f726567656e65726174657c693a313634373139313836343b61646d696e5f6c6f67696e7c733a313a2231223b61646d696e5f69647c733a313a2231223b6c6f67696e5f757365725f69647c733a313a2231223b6e616d657c733a31323a225363686f6f6c2041646d696e223b6c6f67696e5f747970657c733a353a2261646d696e223b),
('a6395d1ea73af0f915e0bf32822d89f2b74802d5', '::1', 1663295126, 0x5f5f63695f6c6173745f726567656e65726174657c693a313636333239343935303b61646d696e5f6c6f67696e7c733a313a2231223b61646d696e5f69647c733a313a2231223b6c6f67696e5f757365725f69647c733a313a2231223b6e616d657c733a31323a225363686f6f6c2041646d696e223b6c6f67696e5f747970657c733a353a2261646d696e223b),
('a860d2240cb019085be8ff2c31ad9996fe668906', '::1', 1662941778, 0x5f5f63695f6c6173745f726567656e65726174657c693a313636323934313737383b61646d696e5f6c6f67696e7c733a313a2231223b61646d696e5f69647c733a313a2231223b6c6f67696e5f757365725f69647c733a313a2231223b6e616d657c733a31323a225363686f6f6c2041646d696e223b6c6f67696e5f747970657c733a353a2261646d696e223b),
('a98c2f3913282b92ce4963c7af59fbfb3f35218c', '::1', 1662258821, 0x5f5f63695f6c6173745f726567656e65726174657c693a313636323235383734313b61646d696e5f6c6f67696e7c733a313a2231223b61646d696e5f69647c733a313a2231223b6c6f67696e5f757365725f69647c733a313a2231223b6e616d657c733a31323a225363686f6f6c2041646d696e223b6c6f67696e5f747970657c733a353a2261646d696e223b),
('b68d0dc980a915deb9ce72a14d4209120838b5d3', '::1', 1661828449, 0x5f5f63695f6c6173745f726567656e65726174657c693a313636313832383337343b61646d696e5f6c6f67696e7c733a313a2231223b61646d696e5f69647c733a313a2231223b6c6f67696e5f757365725f69647c733a313a2231223b6e616d657c733a31323a225363686f6f6c2041646d696e223b6c6f67696e5f747970657c733a353a2261646d696e223b666c6173685f6d6573736167657c733a31323a22446174612044656c65746564223b5f5f63695f766172737c613a313a7b733a31333a22666c6173685f6d657373616765223b733a333a226f6c64223b7d),
('b89e0ab65aec725ea8dc940e6e192763dfca6abc', '::1', 1647191294, 0x5f5f63695f6c6173745f726567656e65726174657c693a313634373139313235363b61646d696e5f6c6f67696e7c733a313a2231223b61646d696e5f69647c733a313a2231223b6c6f67696e5f757365725f69647c733a313a2231223b6e616d657c733a31323a225363686f6f6c2041646d696e223b6c6f67696e5f747970657c733a353a2261646d696e223b),
('b8cc0051121c3c36e8fe7ad6e517e0e0b3a049b4', '::1', 1662381363, 0x5f5f63695f6c6173745f726567656e65726174657c693a313636323338313237373b73747564656e745f6c6f67696e7c733a313a2231223b73747564656e745f69647c733a313a2231223b6c6f67696e5f757365725f69647c733a313a2231223b6e616d657c733a31353a2242696b617368205368726573746861223b6c6f67696e5f747970657c733a373a2273747564656e74223b),
('bc3fe4c81d1f67d54d0caace3a80fd9f04ba7204', '::1', 1661698970, 0x5f5f63695f6c6173745f726567656e65726174657c693a313636313639383836303b61646d696e5f6c6f67696e7c733a313a2231223b61646d696e5f69647c733a313a2231223b6c6f67696e5f757365725f69647c733a313a2231223b6e616d657c733a31323a225363686f6f6c2041646d696e223b6c6f67696e5f747970657c733a353a2261646d696e223b),
('cb3f3f5837b9ccf60495ec369a7f002aee88f532', '::1', 1661830014, 0x5f5f63695f6c6173745f726567656e65726174657c693a313636313833303031343b61646d696e5f6c6f67696e7c733a313a2231223b61646d696e5f69647c733a313a2231223b6c6f67696e5f757365725f69647c733a313a2231223b6e616d657c733a31323a225363686f6f6c2041646d696e223b6c6f67696e5f747970657c733a353a2261646d696e223b),
('cda5d9f2bfd783de391975c2db21753fcfa3f1c1', '::1', 1647190853, 0x5f5f63695f6c6173745f726567656e65726174657c693a313634373139303536313b61646d696e5f6c6f67696e7c733a313a2231223b61646d696e5f69647c733a313a2231223b6c6f67696e5f757365725f69647c733a313a2231223b6e616d657c733a31323a225363686f6f6c2041646d696e223b6c6f67696e5f747970657c733a353a2261646d696e223b),
('d0d5647e0b256d126adab84cb6d5ccdac26c885b', '::1', 1647188122, 0x5f5f63695f6c6173745f726567656e65726174657c693a313634373138373833323b61646d696e5f6c6f67696e7c733a313a2231223b61646d696e5f69647c733a313a2231223b6c6f67696e5f757365725f69647c733a313a2231223b6e616d657c733a31323a225363686f6f6c2041646d696e223b6c6f67696e5f747970657c733a353a2261646d696e223b),
('d52ebb202d44fa445af5213a663fe933264f4464', '::1', 1647191686, 0x5f5f63695f6c6173745f726567656e65726174657c693a313634373139313536303b61646d696e5f6c6f67696e7c733a313a2231223b61646d696e5f69647c733a313a2231223b6c6f67696e5f757365725f69647c733a313a2231223b6e616d657c733a31323a225363686f6f6c2041646d696e223b6c6f67696e5f747970657c733a353a2261646d696e223b),
('d8aeefa4c13b11b8109dfd92696c9b3f0461c1ac', '::1', 1647186567, 0x5f5f63695f6c6173745f726567656e65726174657c693a313634373138363536373b61646d696e5f6c6f67696e7c733a313a2231223b61646d696e5f69647c733a313a2231223b6c6f67696e5f757365725f69647c733a313a2231223b6e616d657c733a31323a225363686f6f6c2041646d696e223b6c6f67696e5f747970657c733a353a2261646d696e223b),
('d8be53836c92418bdb497aa2a8ec400a99d74455', '::1', 1662942311, 0x5f5f63695f6c6173745f726567656e65726174657c693a313636323934323331313b61646d696e5f6c6f67696e7c733a313a2231223b61646d696e5f69647c733a313a2231223b6c6f67696e5f757365725f69647c733a313a2231223b6e616d657c733a31323a225363686f6f6c2041646d696e223b6c6f67696e5f747970657c733a353a2261646d696e223b),
('e00b325a73b5296971ecd69beb21e6945a3af4d4', '::1', 1647194267, 0x5f5f63695f6c6173745f726567656e65726174657c693a313634373139343236373b),
('e052f8042511d5b2466304d4aa6ac06ae02a0ee5', '::1', 1661825960, 0x5f5f63695f6c6173745f726567656e65726174657c693a313636313832353934363b61646d696e5f6c6f67696e7c733a313a2231223b61646d696e5f69647c733a313a2231223b6c6f67696e5f757365725f69647c733a313a2231223b6e616d657c733a31323a225363686f6f6c2041646d696e223b6c6f67696e5f747970657c733a353a2261646d696e223b),
('e5048a7148c52caa5ab5600047a36668a660faab', '::1', 1647192926, 0x5f5f63695f6c6173745f726567656e65726174657c693a313634373139323932363b),
('ec2e698310a2203b3880f86c1e008a67939ab6e2', '::1', 1647192921, 0x5f5f63695f6c6173745f726567656e65726174657c693a313634373139323932313b),
('ec80b5304b956482ccbda1870d19d9b71ee1a01c', '::1', 1661699605, 0x5f5f63695f6c6173745f726567656e65726174657c693a313636313639393630343b61646d696e5f6c6f67696e7c733a313a2231223b61646d696e5f69647c733a313a2231223b6c6f67696e5f757365725f69647c733a313a2231223b6e616d657c733a31323a225363686f6f6c2041646d696e223b6c6f67696e5f747970657c733a353a2261646d696e223b),
('ed5ef6231f07ede1707b7a5943c2addd9c0c4f6c', '::1', 1661826502, 0x5f5f63695f6c6173745f726567656e65726174657c693a313636313832363336323b61646d696e5f6c6f67696e7c733a313a2231223b61646d696e5f69647c733a313a2231223b6c6f67696e5f757365725f69647c733a313a2231223b6e616d657c733a31323a225363686f6f6c2041646d696e223b6c6f67696e5f747970657c733a353a2261646d696e223b),
('eda7682c42dc2c46e71cb9aec36b3650b1a52cd5', '::1', 1662381904, 0x5f5f63695f6c6173745f726567656e65726174657c693a313636323338313737323b61646d696e5f6c6f67696e7c733a313a2231223b61646d696e5f69647c733a313a2231223b6c6f67696e5f757365725f69647c733a313a2231223b6e616d657c733a31323a225363686f6f6c2041646d696e223b6c6f67696e5f747970657c733a353a2261646d696e223b),
('eef56b8eba7229990db6ab4cc014bc714475e1f6', '::1', 1661740862, 0x5f5f63695f6c6173745f726567656e65726174657c693a313636313734303836323b61646d696e5f6c6f67696e7c733a313a2231223b61646d696e5f69647c733a313a2231223b6c6f67696e5f757365725f69647c733a313a2231223b6e616d657c733a31323a225363686f6f6c2041646d696e223b6c6f67696e5f747970657c733a353a2261646d696e223b),
('f07db33f3b49890a5eb04c1c2ab706c9ed52f020', '::1', 1661830635, 0x5f5f63695f6c6173745f726567656e65726174657c693a313636313833303633353b61646d696e5f6c6f67696e7c733a313a2231223b61646d696e5f69647c733a313a2231223b6c6f67696e5f757365725f69647c733a313a2231223b6e616d657c733a31323a225363686f6f6c2041646d696e223b6c6f67696e5f747970657c733a353a2261646d696e223b),
('f13a81240754bcccba7f1ac203f7d709b15831e8', '::1', 1661827283, 0x5f5f63695f6c6173745f726567656e65726174657c693a313636313832373030303b61646d696e5f6c6f67696e7c733a313a2231223b61646d696e5f69647c733a313a2231223b6c6f67696e5f757365725f69647c733a313a2231223b6e616d657c733a31323a225363686f6f6c2041646d696e223b6c6f67696e5f747970657c733a353a2261646d696e223b),
('f66dc26281e587dc9deca2e076b88903ba7d339d', '127.0.0.1', 1663294942, 0x5f5f63695f6c6173745f726567656e65726174657c693a313636333239343634353b61646d696e5f6c6f67696e7c733a313a2231223b61646d696e5f69647c733a313a2231223b6c6f67696e5f757365725f69647c733a313a2231223b6e616d657c733a31323a225363686f6f6c2041646d696e223b6c6f67696e5f747970657c733a353a2261646d696e223b),
('f72af6df689a5063ad12751c815250d2dce0a26c', '::1', 1661739908, 0x5f5f63695f6c6173745f726567656e65726174657c693a313636313733393930383b),
('fc2f6f828806c1775178e41e2313ceb93ed2ea3a', '::1', 1661698859, 0x5f5f63695f6c6173745f726567656e65726174657c693a313636313639383835393b);

-- --------------------------------------------------------

--
-- Table structure for table `class`
--

CREATE TABLE IF NOT EXISTS `class` (
`class_id` int(11) NOT NULL,
  `name` longtext COLLATE utf8_unicode_ci NOT NULL,
  `name_numeric` longtext COLLATE utf8_unicode_ci NOT NULL,
  `teacher_id` int(11) NOT NULL
) ENGINE=InnoDB AUTO_INCREMENT=8 DEFAULT CHARSET=utf8 COLLATE=utf8_unicode_ci;

--
-- Dumping data for table `class`
--

INSERT INTO `class` (`class_id`, `name`, `name_numeric`, `teacher_id`) VALUES
(6, 'CSIT', '', 11),
(7, 'BCA', '', 12);

-- --------------------------------------------------------

--
-- Table structure for table `class_routine`
--

CREATE TABLE IF NOT EXISTS `class_routine` (
`class_routine_id` int(11) NOT NULL,
  `class_id` int(11) NOT NULL,
  `subject_id` int(11) NOT NULL,
  `time_start` int(11) NOT NULL,
  `time_end` int(11) NOT NULL,
  `day` longtext COLLATE utf8_unicode_ci NOT NULL
) ENGINE=InnoDB AUTO_INCREMENT=9 DEFAULT CHARSET=utf8 COLLATE=utf8_unicode_ci;

--
-- Dumping data for table `class_routine`
--

INSERT INTO `class_routine` (`class_routine_id`, `class_id`, `subject_id`, `time_start`, `time_end`, `day`) VALUES
(1, 2, 3, 10, 11, 'Sunday'),
(2, 2, 4, 11, 12, 'Sunday'),
(3, 2, 3, 10, 11, 'monday'),
(4, 5, 7, 10, 11, 'sunday'),
(5, 5, 8, 11, 24, 'sunday'),
(6, 5, 9, 13, 14, 'sunday'),
(7, 5, 10, 10, 11, 'monday'),
(8, 5, 7, 5, 9, 'thursday');

-- --------------------------------------------------------

--
-- Table structure for table `document`
--

CREATE TABLE IF NOT EXISTS `document` (
`document_id` int(11) NOT NULL,
  `title` longtext COLLATE utf8_unicode_ci NOT NULL,
  `description` longtext COLLATE utf8_unicode_ci NOT NULL,
  `file_name` longtext COLLATE utf8_unicode_ci NOT NULL,
  `file_type` longtext COLLATE utf8_unicode_ci NOT NULL,
  `class_id` longtext COLLATE utf8_unicode_ci NOT NULL,
  `teacher_id` int(11) NOT NULL,
  `timestamp` longtext COLLATE utf8_unicode_ci NOT NULL
) ENGINE=MyISAM DEFAULT CHARSET=utf8 COLLATE=utf8_unicode_ci;

-- --------------------------------------------------------

--
-- Table structure for table `dormitory`
--

CREATE TABLE IF NOT EXISTS `dormitory` (
`dormitory_id` int(11) NOT NULL,
  `name` longtext COLLATE utf8_unicode_ci NOT NULL,
  `number_of_room` longtext COLLATE utf8_unicode_ci NOT NULL,
  `description` longtext COLLATE utf8_unicode_ci NOT NULL
) ENGINE=MyISAM AUTO_INCREMENT=4 DEFAULT CHARSET=utf8 COLLATE=utf8_unicode_ci;

--
-- Dumping data for table `dormitory`
--

INSERT INTO `dormitory` (`dormitory_id`, `name`, `number_of_room`, `description`) VALUES
(1, 'Boys Hostel B', '16', 'Hostel for Boys - B'),
(2, 'Boys Hostel A', '31', 'Hostel for Boys - A'),
(3, 'Girls Hostel A', '25', 'Hostel for Girls - A');

-- --------------------------------------------------------

--
-- Table structure for table `exam`
--

CREATE TABLE IF NOT EXISTS `exam` (
`exam_id` int(11) NOT NULL,
  `name` longtext COLLATE utf8_unicode_ci NOT NULL,
  `date` longtext COLLATE utf8_unicode_ci NOT NULL,
  `comment` longtext COLLATE utf8_unicode_ci NOT NULL
) ENGINE=InnoDB AUTO_INCREMENT=5 DEFAULT CHARSET=utf8 COLLATE=utf8_unicode_ci;

--
-- Dumping data for table `exam`
--

INSERT INTO `exam` (`exam_id`, `name`, `date`, `comment`) VALUES
(1, 'First Terminal Examination', '11/18/2021', 'none'),
(2, 'Second Terminal Examination', '03/15/2022', 'none'),
(3, 'Third Terminal Examination', '07/30/2022', 'none'),
(4, 'Final Examination', '12/16/2022', 'none');

-- --------------------------------------------------------

--
-- Table structure for table `expense_category`
--

CREATE TABLE IF NOT EXISTS `expense_category` (
`expense_category_id` int(11) NOT NULL,
  `name` longtext COLLATE utf8_unicode_ci NOT NULL
) ENGINE=InnoDB AUTO_INCREMENT=6 DEFAULT CHARSET=utf8 COLLATE=utf8_unicode_ci;

--
-- Dumping data for table `expense_category`
--

INSERT INTO `expense_category` (`expense_category_id`, `name`) VALUES
(1, 'Teacher Salary'),
(2, 'Classroom Equipments'),
(3, 'Classroom Decorations'),
(4, 'Inventory Purchase'),
(5, 'Exam Accessories');

-- --------------------------------------------------------

--
-- Table structure for table `grade`
--

CREATE TABLE IF NOT EXISTS `grade` (
`grade_id` int(11) NOT NULL,
  `name` longtext COLLATE utf8_unicode_ci NOT NULL,
  `grade_point` longtext COLLATE utf8_unicode_ci NOT NULL,
  `mark_from` int(11) NOT NULL,
  `mark_upto` int(11) NOT NULL,
  `comment` longtext COLLATE utf8_unicode_ci NOT NULL
) ENGINE=InnoDB AUTO_INCREMENT=7 DEFAULT CHARSET=utf8 COLLATE=utf8_unicode_ci;

--
-- Dumping data for table `grade`
--

INSERT INTO `grade` (`grade_id`, `name`, `grade_point`, `mark_from`, `mark_upto`, `comment`) VALUES
(1, 'A+', '5', 91, 100, 'Excellent'),
(2, 'A', '4', 81, 90, 'Very Good'),
(3, 'A-', '3', 71, 80, 'Good'),
(4, 'B', '2', 61, 70, 'Okay'),
(5, 'C', '1', 51, 60, 'Need Improvement'),
(6, 'F', '0', 0, 50, 'Fail');

-- --------------------------------------------------------

--
-- Table structure for table `invoice`
--

CREATE TABLE IF NOT EXISTS `invoice` (
`invoice_id` int(11) NOT NULL,
  `student_id` int(11) NOT NULL,
  `title` longtext COLLATE utf8_unicode_ci NOT NULL,
  `description` longtext COLLATE utf8_unicode_ci NOT NULL,
  `amount` int(11) NOT NULL,
  `amount_paid` longtext COLLATE utf8_unicode_ci NOT NULL,
  `due` longtext COLLATE utf8_unicode_ci NOT NULL,
  `creation_timestamp` int(11) NOT NULL,
  `payment_timestamp` longtext COLLATE utf8_unicode_ci NOT NULL,
  `payment_method` longtext COLLATE utf8_unicode_ci NOT NULL,
  `payment_details` longtext COLLATE utf8_unicode_ci NOT NULL,
  `status` longtext COLLATE utf8_unicode_ci NOT NULL COMMENT 'paid or unpaid'
) ENGINE=MyISAM AUTO_INCREMENT=7 DEFAULT CHARSET=utf8 COLLATE=utf8_unicode_ci;

--
-- Dumping data for table `invoice`
--

INSERT INTO `invoice` (`invoice_id`, `student_id`, `title`, `description`, `amount`, `amount_paid`, `due`, `creation_timestamp`, `payment_timestamp`, `payment_method`, `payment_details`, `status`) VALUES
(1, 1, 'Monthly Fee', 'none', 850, '850', '0', 1449702000, '', '', '', 'paid'),
(2, 3, 'Monthly Payment', 'Payment for the month - Feb', 990, '0', '990', 1646089200, '', '', '', 'unpaid'),
(3, 10, 'Monthly Fees - Feb', 'Fees collection for the month of February', 770, '770', '0', 1646002800, '', '', '', 'paid'),
(4, 5, 'Monthly Fees', 'Fees collection for the month February', 990, '990', '0', 1646002800, '', '', '', 'paid'),
(5, 12, 'Monthly Fees - Feb', 'Fees Collection for the month February', 850, '0', '850', 1646002800, '', '', '', 'unpaid'),
(6, 9, 'Monthly Fees', 'none', 990, '990', '0', 1646002800, '', '', '', 'paid');

-- --------------------------------------------------------

--
-- Table structure for table `language`
--



--
-- Dumping data for table `language`
--


--
-- Table structure for table `mark`
--

CREATE TABLE IF NOT EXISTS `mark` (
`mark_id` int(11) NOT NULL,
  `student_id` int(11) NOT NULL,
  `subject_id` int(11) NOT NULL,
  `class_id` int(11) NOT NULL,
  `exam_id` int(11) NOT NULL,
  `mark_obtained` int(11) NOT NULL DEFAULT '0',
  `mark_total` int(11) NOT NULL DEFAULT '100',
  `comment` longtext COLLATE utf8_unicode_ci NOT NULL
) ENGINE=InnoDB AUTO_INCREMENT=55 DEFAULT CHARSET=utf8 COLLATE=utf8_unicode_ci;

--
-- Dumping data for table `mark`
--

INSERT INTO `mark` (`mark_id`, `student_id`, `subject_id`, `class_id`, `exam_id`, `mark_obtained`, `mark_total`, `comment`) VALUES
(1, 3, 7, 5, 1, 55, 100, 'Need to improve'),
(2, 4, 7, 5, 1, 71, 100, 'Good, keep it up!'),
(3, 5, 7, 5, 1, 45, 100, 'Need to focus more, just passed!'),
(4, 6, 7, 5, 1, 80, 100, 'Well done!'),
(5, 7, 7, 5, 1, 50, 100, 'Need to improve'),
(6, 8, 7, 5, 1, 76, 100, 'Good, keep it up!'),
(7, 9, 7, 5, 1, 79, 100, 'Good, keep it up!'),
(8, 3, 8, 5, 1, 68, 100, 'none'),
(9, 4, 8, 5, 1, 40, 100, 'none'),
(10, 5, 8, 5, 1, 22, 100, 'none'),
(11, 6, 8, 5, 1, 0, 100, ''),
(12, 7, 8, 5, 1, 0, 100, ''),
(13, 8, 8, 5, 1, 0, 100, ''),
(14, 9, 8, 5, 1, 0, 100, ''),
(15, 13, 8, 5, 1, 0, 100, ''),
(16, 3, 9, 5, 1, 79, 100, 'none'),
(17, 4, 9, 5, 1, 0, 100, ''),
(18, 5, 9, 5, 1, 0, 100, ''),
(19, 6, 9, 5, 1, 0, 100, ''),
(20, 7, 9, 5, 1, 0, 100, ''),
(21, 8, 9, 5, 1, 0, 100, ''),
(22, 9, 9, 5, 1, 0, 100, ''),
(23, 13, 9, 5, 1, 0, 100, ''),
(24, 3, 10, 5, 1, 70, 100, 'none'),
(25, 4, 10, 5, 1, 0, 100, ''),
(26, 5, 10, 5, 1, 0, 100, ''),
(27, 6, 10, 5, 1, 0, 100, ''),
(28, 7, 10, 5, 1, 0, 100, ''),
(29, 8, 10, 5, 1, 0, 100, ''),
(30, 9, 10, 5, 1, 0, 100, ''),
(31, 13, 10, 5, 1, 0, 100, ''),
(32, 3, 11, 5, 1, 0, 100, ''),
(33, 4, 11, 5, 1, 0, 100, ''),
(34, 5, 11, 5, 1, 0, 100, ''),
(35, 6, 11, 5, 1, 0, 100, ''),
(36, 7, 11, 5, 1, 0, 100, ''),
(37, 8, 11, 5, 1, 0, 100, ''),
(38, 9, 11, 5, 1, 0, 100, ''),
(39, 13, 11, 5, 1, 0, 100, ''),
(40, 13, 7, 5, 1, 0, 100, ''),
(41, 3, 9, 5, 2, 0, 100, ''),
(42, 4, 9, 5, 2, 0, 100, ''),
(43, 5, 9, 5, 2, 0, 100, ''),
(44, 6, 9, 5, 2, 0, 100, ''),
(45, 7, 9, 5, 2, 0, 100, ''),
(46, 8, 9, 5, 2, 0, 100, ''),
(47, 9, 9, 5, 2, 0, 100, ''),
(48, 13, 9, 5, 2, 0, 100, ''),
(49, 10, 6, 4, 2, 0, 100, ''),
(50, 11, 6, 4, 2, 0, 100, ''),
(51, 14, 6, 4, 2, 0, 100, ''),
(52, 1, 12, 6, 1, 0, 100, ''),
(53, 2, 14, 7, 1, 59, 100, ''),
(54, 2, 15, 7, 1, 79, 100, '');

-- --------------------------------------------------------

--
-- Table structure for table `message`
--

CREATE TABLE IF NOT EXISTS `message` (
`message_id` int(11) NOT NULL,
  `message_thread_code` longtext NOT NULL,
  `message` longtext NOT NULL,
  `sender` longtext NOT NULL,
  `timestamp` longtext NOT NULL,
  `read_status` int(11) NOT NULL DEFAULT '0' COMMENT '0 unread 1 read'
) ENGINE=MyISAM AUTO_INCREMENT=10 DEFAULT CHARSET=latin1;

--
-- Dumping data for table `message`
--

INSERT INTO `message` (`message_id`, `message_thread_code`, `message`, `sender`, `timestamp`, `read_status`) VALUES
(8, '6e9c6ac8b55e366', '', 'admin-1', '1662381271', 1),
(9, '6e9c6ac8b55e366', '12345\r\n', 'student-1', '1662381356', 1),
(7, '6e9c6ac8b55e366', 'sfsfsdf', 'admin-1', '1662381265', 1);

-- --------------------------------------------------------

--
-- Table structure for table `message_thread`
--

CREATE TABLE IF NOT EXISTS `message_thread` (
`message_thread_id` int(11) NOT NULL,
  `message_thread_code` longtext COLLATE utf8_unicode_ci NOT NULL,
  `sender` longtext COLLATE utf8_unicode_ci NOT NULL,
  `reciever` longtext COLLATE utf8_unicode_ci NOT NULL,
  `last_message_timestamp` longtext COLLATE utf8_unicode_ci NOT NULL
) ENGINE=InnoDB AUTO_INCREMENT=2 DEFAULT CHARSET=utf8 COLLATE=utf8_unicode_ci;

--
-- Dumping data for table `message_thread`
--

INSERT INTO `message_thread` (`message_thread_id`, `message_thread_code`, `sender`, `reciever`, `last_message_timestamp`) VALUES
(1, '6e9c6ac8b55e366', 'admin-1', 'student-1', '');

-- --------------------------------------------------------

--
-- Table structure for table `noticeboard`
--

CREATE TABLE IF NOT EXISTS `noticeboard` (
`notice_id` int(11) NOT NULL,
  `notice_title` longtext COLLATE utf8_unicode_ci NOT NULL,
  `notice` longtext COLLATE utf8_unicode_ci NOT NULL,
  `create_timestamp` int(11) NOT NULL
) ENGINE=MyISAM AUTO_INCREMENT=4 DEFAULT CHARSET=utf8 COLLATE=utf8_unicode_ci;

--
-- Dumping data for table `noticeboard`
--

INSERT INTO `noticeboard` (`notice_id`, `notice_title`, `notice`, `create_timestamp`) VALUES
(1, 'Test Notice One', 'This is a demo notice from the school administration to inform you that this is just a simple test message. Thank you!', 1637103600),
(3, '', 'today is holiday', 1661810400);

-- --------------------------------------------------------

--
-- Table structure for table `osad_acd_history`
--

CREATE TABLE IF NOT EXISTS `osad_acd_history` (
`id` int(11) NOT NULL,
  `osad_student_id` int(11) NOT NULL,
  `examtype` longtext COLLATE utf8_unicode_ci NOT NULL,
  `group` longtext COLLATE utf8_unicode_ci NOT NULL,
  `board` longtext COLLATE utf8_unicode_ci NOT NULL,
  `passing_yr` longtext COLLATE utf8_unicode_ci NOT NULL,
  `special_mark` longtext COLLATE utf8_unicode_ci NOT NULL,
  `ttl_mark` longtext COLLATE utf8_unicode_ci NOT NULL,
  `date` date NOT NULL
) ENGINE=InnoDB AUTO_INCREMENT=2 DEFAULT CHARSET=utf8 COLLATE=utf8_unicode_ci;

--
-- Dumping data for table `osad_acd_history`
--

INSERT INTO `osad_acd_history` (`id`, `osad_student_id`, `examtype`, `group`, `board`, `passing_yr`, `special_mark`, `ttl_mark`, `date`) VALUES
(1, 1, 'SSC-GENERAL', '3', 'asd', '2222', '2', '2', '2022-03-13');

-- --------------------------------------------------------

--
-- Table structure for table `osad_student`
--

CREATE TABLE IF NOT EXISTS `osad_student` (
`id` int(11) NOT NULL,
  `acd_session_id` int(11) NOT NULL,
  `app_sno` int(11) NOT NULL,
  `name_en` longtext COLLATE utf8_unicode_ci NOT NULL,
  `name_bn` longtext COLLATE utf8_unicode_ci NOT NULL,
  `father_name` longtext COLLATE utf8_unicode_ci NOT NULL,
  `mother_name` longtext COLLATE utf8_unicode_ci NOT NULL,
  `gardian_name` longtext COLLATE utf8_unicode_ci NOT NULL,
  `nationality` longtext COLLATE utf8_unicode_ci NOT NULL,
  `technology` longtext COLLATE utf8_unicode_ci NOT NULL,
  `ff_son` int(11) NOT NULL,
  `upjati` int(11) NOT NULL,
  `birthday` longtext COLLATE utf8_unicode_ci NOT NULL,
  `sex` longtext COLLATE utf8_unicode_ci NOT NULL,
  `religion` longtext COLLATE utf8_unicode_ci NOT NULL,
  `blood_group` longtext COLLATE utf8_unicode_ci NOT NULL,
  `pr_address` longtext COLLATE utf8_unicode_ci NOT NULL,
  `phone` longtext COLLATE utf8_unicode_ci NOT NULL,
  `email` longtext COLLATE utf8_unicode_ci NOT NULL,
  `password` longtext COLLATE utf8_unicode_ci NOT NULL,
  `class_id` longtext COLLATE utf8_unicode_ci NOT NULL,
  `section_id` int(11) NOT NULL,
  `parent_id` int(11) NOT NULL,
  `roll` longtext COLLATE utf8_unicode_ci NOT NULL,
  `transport_id` int(11) NOT NULL,
  `dormitory_id` int(11) NOT NULL,
  `dormitory_room_number` longtext COLLATE utf8_unicode_ci NOT NULL,
  `pay_no` longtext COLLATE utf8_unicode_ci NOT NULL,
  `pay_date` date NOT NULL,
  `app_date` date NOT NULL,
  `photo` varchar(200) COLLATE utf8_unicode_ci DEFAULT NULL,
  `pay_status` int(1) DEFAULT NULL,
  `cur_address` longtext COLLATE utf8_unicode_ci
) ENGINE=InnoDB AUTO_INCREMENT=2 DEFAULT CHARSET=utf8 COLLATE=utf8_unicode_ci;

--
-- Dumping data for table `osad_student`
--

INSERT INTO `osad_student` (`id`, `acd_session_id`, `app_sno`, `name_en`, `name_bn`, `father_name`, `mother_name`, `gardian_name`, `nationality`, `technology`, `ff_son`, `upjati`, `birthday`, `sex`, `religion`, `blood_group`, `pr_address`, `phone`, `email`, `password`, `class_id`, `section_id`, `parent_id`, `roll`, `transport_id`, `dormitory_id`, `dormitory_room_number`, `pay_no`, `pay_date`, `app_date`, `photo`, `pay_status`, `cur_address`) VALUES
(1, 8, 0, 'asdas', 'asdas', 'asdas', 'asdas', 'asdas', 'asdas', 'Textile', 0, 0, '07/15/2021', 'male', 'Buddhist', '', 'asdas', '2222222222', 'asdas@asd.com', '', '', 0, 0, '', 0, 0, '', '', '0000-00-00', '2022-03-13', NULL, NULL, 'asdasd');

-- --------------------------------------------------------

--
-- Table structure for table `parent`
--

CREATE TABLE IF NOT EXISTS `parent` (
`parent_id` int(11) NOT NULL,
  `name` longtext COLLATE utf8_unicode_ci NOT NULL,
  `email` longtext COLLATE utf8_unicode_ci NOT NULL,
  `password` longtext COLLATE utf8_unicode_ci NOT NULL,
  `phone` longtext COLLATE utf8_unicode_ci NOT NULL,
  `address` longtext COLLATE utf8_unicode_ci NOT NULL,
  `profession` longtext COLLATE utf8_unicode_ci NOT NULL
) ENGINE=MyISAM AUTO_INCREMENT=14 DEFAULT CHARSET=utf8 COLLATE=utf8_unicode_ci;

--
-- Dumping data for table `parent`
--

INSERT INTO `parent` (`parent_id`, `name`, `email`, `password`, `phone`, `address`, `profession`) VALUES
(13, 'Gokul Shrestha', 'gokul@gmail.com', 'gokul123', '', '', '');

-- --------------------------------------------------------

--
-- Table structure for table `payment`
--

CREATE TABLE IF NOT EXISTS `payment` (
`payment_id` int(11) NOT NULL,
  `expense_category_id` int(11) NOT NULL,
  `title` longtext COLLATE utf8_unicode_ci NOT NULL,
  `payment_type` longtext COLLATE utf8_unicode_ci NOT NULL,
  `invoice_id` int(11) NOT NULL,
  `student_id` int(11) NOT NULL,
  `method` longtext COLLATE utf8_unicode_ci NOT NULL,
  `description` longtext COLLATE utf8_unicode_ci NOT NULL,
  `amount` longtext COLLATE utf8_unicode_ci NOT NULL,
  `timestamp` longtext COLLATE utf8_unicode_ci NOT NULL
) ENGINE=MyISAM AUTO_INCREMENT=7 DEFAULT CHARSET=utf8 COLLATE=utf8_unicode_ci;

--
-- Dumping data for table `payment`
--

INSERT INTO `payment` (`payment_id`, `expense_category_id`, `title`, `payment_type`, `invoice_id`, `student_id`, `method`, `description`, `amount`, `timestamp`) VALUES
(1, 0, 'Monthly Fee', 'income', 1, 1, '1', 'asd', '100', '1449702000'),
(2, 0, 'Monthly Payment', 'income', 2, 3, '1', 'Payment for the month - Feb', '0', '1646089200'),
(3, 0, 'Monthly Fees - Feb', 'income', 3, 10, '3', 'Fees collection for the month of February', '770', '1646002800'),
(4, 0, 'Monthly Fees', 'income', 4, 5, '1', 'Fees collection for the month February', '990', '1646002800'),
(5, 0, 'Monthly Fees - Feb', 'income', 5, 12, '1', 'Fees Collection for the month February', '0', '1646002800'),
(6, 0, 'Monthly Fees', 'income', 6, 9, '2', 'none', '990', '1646002800');

-- --------------------------------------------------------

--
-- Table structure for table `section`
--

CREATE TABLE IF NOT EXISTS `section` (
`section_id` int(11) NOT NULL,
  `name` longtext COLLATE utf8_unicode_ci NOT NULL,
  `nick_name` longtext COLLATE utf8_unicode_ci NOT NULL,
  `class_id` int(11) NOT NULL,
  `teacher_id` int(11) NOT NULL
) ENGINE=InnoDB AUTO_INCREMENT=9 DEFAULT CHARSET=utf8 COLLATE=utf8_unicode_ci;

--
-- Dumping data for table `section`
--

INSERT INTO `section` (`section_id`, `name`, `nick_name`, `class_id`, `teacher_id`) VALUES
(1, 'A', 'SectionA', 2, 2),
(2, 'B', 'SectionB', 2, 6),
(3, 'A', 'SectionA', 3, 3),
(4, 'B', 'SectionB', 3, 4),
(5, 'A', 'Section A', 4, 5),
(6, 'B', 'Section B', 4, 6),
(7, 'A', 'Section A', 5, 8),
(8, 'B', 'Section B', 5, 7);

-- --------------------------------------------------------

--
-- Table structure for table `settings`
--

CREATE TABLE IF NOT EXISTS `settings` (
`settings_id` int(11) NOT NULL,
  `type` longtext CHARACTER SET utf8 COLLATE utf8_unicode_ci NOT NULL,
  `description` longtext CHARACTER SET utf8 COLLATE utf8_unicode_ci NOT NULL
) ENGINE=MyISAM AUTO_INCREMENT=21 DEFAULT CHARSET=latin1;

--
-- Dumping data for table `settings`
--

INSERT INTO `settings` (`settings_id`, `type`, `description`) VALUES
(1, 'system_name', 'School Management System'),
(2, 'system_title', 'School Management System'),
(3, 'address', '93 Elm Drive, Westbury'),
(4, 'phone', '7410000010'),
(5, 'paypal_email', 'demomail@school.com'),
(6, 'currency', '$'),
(7, 'system_email', 'smsys@mail.com'),
(20, 'active_sms_service', 'clickatell'),
(11, 'language', 'english'),
(12, 'text_align', 'left-to-right'),
(13, 'clickatell_user', ''),
(14, 'clickatell_password', ''),
(15, 'clickatell_api_id', ''),
(16, 'skin_colour', 'purple'),
(17, 'twilio_account_sid', ''),
(18, 'twilio_auth_token', ''),
(19, 'twilio_sender_phone_number', '');

-- --------------------------------------------------------

--
-- Table structure for table `student`
--

CREATE TABLE IF NOT EXISTS `student` (
`student_id` int(11) NOT NULL,
  `name` longtext COLLATE utf8_unicode_ci NOT NULL,
  `birthday` longtext COLLATE utf8_unicode_ci NOT NULL,
  `sex` longtext COLLATE utf8_unicode_ci NOT NULL,
  `religion` longtext COLLATE utf8_unicode_ci NOT NULL,
  `blood_group` longtext COLLATE utf8_unicode_ci NOT NULL,
  `address` longtext COLLATE utf8_unicode_ci NOT NULL,
  `phone` longtext COLLATE utf8_unicode_ci NOT NULL,
  `email` longtext COLLATE utf8_unicode_ci NOT NULL,
  `password` longtext COLLATE utf8_unicode_ci NOT NULL,
  `father_name` longtext COLLATE utf8_unicode_ci NOT NULL,
  `mother_name` longtext COLLATE utf8_unicode_ci NOT NULL,
  `class_id` longtext COLLATE utf8_unicode_ci NOT NULL,
  `section_id` int(11) NOT NULL,
  `parent_id` int(11) NOT NULL,
  `roll` longtext COLLATE utf8_unicode_ci NOT NULL,
  `transport_id` int(11) NOT NULL,
  `dormitory_id` int(11) NOT NULL,
  `dormitory_room_number` longtext COLLATE utf8_unicode_ci NOT NULL
) ENGINE=InnoDB AUTO_INCREMENT=3 DEFAULT CHARSET=utf8 COLLATE=utf8_unicode_ci;

--
-- Dumping data for table `student`
--

INSERT INTO `student` (`student_id`, `name`, `birthday`, `sex`, `religion`, `blood_group`, `address`, `phone`, `email`, `password`, `father_name`, `mother_name`, `class_id`, `section_id`, `parent_id`, `roll`, `transport_id`, `dormitory_id`, `dormitory_room_number`) VALUES
(1, 'Bikash Shrestha', '', '', '', '', 'Dadhikot,Thimi', '+9779880311738', 'chester4958@gmail.com', '123456', '', '', '6', 10, 0, '', 0, 0, ''),
(2, 'Anup Kasula', '', 'Male', '', '', '', '', 'anup@gmail.com', '12345', '', '', '7', 0, 0, '11', 0, 0, '');

-- --------------------------------------------------------

--
-- Table structure for table `subject`
--

CREATE TABLE IF NOT EXISTS `subject` (
`subject_id` int(11) NOT NULL,
  `name` longtext COLLATE utf8_unicode_ci NOT NULL,
  `class_id` int(11) NOT NULL,
  `teacher_id` int(11) DEFAULT NULL
) ENGINE=InnoDB AUTO_INCREMENT=16 DEFAULT CHARSET=utf8 COLLATE=utf8_unicode_ci;

--
-- Dumping data for table `subject`
--

INSERT INTO `subject` (`subject_id`, `name`, `class_id`, `teacher_id`) VALUES
(12, 'a', 6, 11),
(13, 'b', 6, 11),
(14, 'a1', 7, 12),
(15, 'c1', 7, 11);

-- --------------------------------------------------------

--
-- Table structure for table `teacher`
--

CREATE TABLE IF NOT EXISTS `teacher` (
`teacher_id` int(11) NOT NULL,
  `name` longtext COLLATE utf8_unicode_ci NOT NULL,
  `birthday` longtext COLLATE utf8_unicode_ci NOT NULL,
  `sex` longtext COLLATE utf8_unicode_ci NOT NULL,
  `religion` longtext COLLATE utf8_unicode_ci NOT NULL,
  `blood_group` longtext COLLATE utf8_unicode_ci NOT NULL,
  `address` longtext COLLATE utf8_unicode_ci NOT NULL,
  `phone` longtext COLLATE utf8_unicode_ci NOT NULL,
  `email` longtext COLLATE utf8_unicode_ci NOT NULL,
  `password` longtext COLLATE utf8_unicode_ci NOT NULL
) ENGINE=InnoDB AUTO_INCREMENT=14 DEFAULT CHARSET=utf8 COLLATE=utf8_unicode_ci;

--
-- Dumping data for table `teacher`
--

INSERT INTO `teacher` (`teacher_id`, `name`, `birthday`, `sex`, `religion`, `blood_group`, `address`, `phone`, `email`, `password`) VALUES
(11, 'Mohan Bhandari', '07/12/1990', 'Male', '', '', 'Dadhikot,Thimi', '9880311738', 'mohan@gmail.com', 'mohan123'),
(12, 'Bikash Balami', '06/09/2009', 'Male', '', '', 'ktm', '9880311739', 'bikash@gmail.com', 'bikash123'),
(13, 'abc', '', '', '', '', '', '', 'abc@gmail.com', '12345');

-- --------------------------------------------------------

--
-- Table structure for table `transport`
--

CREATE TABLE IF NOT EXISTS `transport` (
`transport_id` int(11) NOT NULL,
  `route_name` longtext COLLATE utf8_unicode_ci NOT NULL,
  `number_of_vehicle` longtext COLLATE utf8_unicode_ci NOT NULL,
  `description` longtext COLLATE utf8_unicode_ci NOT NULL,
  `route_fare` longtext COLLATE utf8_unicode_ci NOT NULL
) ENGINE=MyISAM AUTO_INCREMENT=3 DEFAULT CHARSET=utf8 COLLATE=utf8_unicode_ci;

--
-- Dumping data for table `transport`
--

INSERT INTO `transport` (`transport_id`, `route_name`, `number_of_vehicle`, `description`, `route_fare`) VALUES
(1, 'Miami to Orlando', '27', '$27 per person', '27'),
(2, 'Orlando to Miami	', '19', '$29 per person', '29');

--
-- Indexes for dumped tables
--

--
-- Indexes for table `acd_session`
--
ALTER TABLE `acd_session`
 ADD PRIMARY KEY (`id`);

--
-- Indexes for table `admin`
--
ALTER TABLE `admin`
 ADD PRIMARY KEY (`admin_id`);

--
-- Indexes for table `attendance`
--
ALTER TABLE `attendance`
 ADD PRIMARY KEY (`attendance_id`);

--
-- Indexes for table `book`
--
ALTER TABLE `book`
 ADD PRIMARY KEY (`book_id`);

--
-- Indexes for table `ci_sessions`
--
ALTER TABLE `ci_sessions`
 ADD PRIMARY KEY (`id`), ADD KEY `ci_sessions_timestamp` (`timestamp`);

--
-- Indexes for table `class`
--
ALTER TABLE `class`
 ADD PRIMARY KEY (`class_id`);

--
-- Indexes for table `class_routine`
--
ALTER TABLE `class_routine`
 ADD PRIMARY KEY (`class_routine_id`);

--
-- Indexes for table `document`
--
ALTER TABLE `document`
 ADD PRIMARY KEY (`document_id`);

--
-- Indexes for table `dormitory`
--
ALTER TABLE `dormitory`
 ADD PRIMARY KEY (`dormitory_id`);

--
-- Indexes for table `exam`
--
ALTER TABLE `exam`
 ADD PRIMARY KEY (`exam_id`);

--
-- Indexes for table `expense_category`
--
ALTER TABLE `expense_category`
 ADD PRIMARY KEY (`expense_category_id`);

--
-- Indexes for table `grade`
--
ALTER TABLE `grade`
 ADD PRIMARY KEY (`grade_id`);

--
-- Indexes for table `invoice`
--
ALTER TABLE `invoice`
 ADD PRIMARY KEY (`invoice_id`);

--
-- Indexes for table `language`
--
ALTER TABLE `language`
 ADD PRIMARY KEY (`phrase_id`);

--
-- Indexes for table `mark`
--
ALTER TABLE `mark`
 ADD PRIMARY KEY (`mark_id`);

--
-- Indexes for table `message`
--
ALTER TABLE `message`
 ADD PRIMARY KEY (`message_id`);

--
-- Indexes for table `message_thread`
--
ALTER TABLE `message_thread`
 ADD PRIMARY KEY (`message_thread_id`);

--
-- Indexes for table `noticeboard`
--
ALTER TABLE `noticeboard`
 ADD PRIMARY KEY (`notice_id`);

--
-- Indexes for table `osad_acd_history`
--
ALTER TABLE `osad_acd_history`
 ADD PRIMARY KEY (`id`);

--
-- Indexes for table `osad_student`
--
ALTER TABLE `osad_student`
 ADD PRIMARY KEY (`id`), ADD KEY `acd_session_id` (`acd_session_id`);

--
-- Indexes for table `parent`
--
ALTER TABLE `parent`
 ADD PRIMARY KEY (`parent_id`);

--
-- Indexes for table `payment`
--
ALTER TABLE `payment`
 ADD PRIMARY KEY (`payment_id`);

--
-- Indexes for table `section`
--
ALTER TABLE `section`
 ADD PRIMARY KEY (`section_id`);

--
-- Indexes for table `settings`
--
ALTER TABLE `settings`
 ADD PRIMARY KEY (`settings_id`);

--
-- Indexes for table `student`
--
ALTER TABLE `student`
 ADD PRIMARY KEY (`student_id`);

--
-- Indexes for table `subject`
--
ALTER TABLE `subject`
 ADD PRIMARY KEY (`subject_id`);

--
-- Indexes for table `teacher`
--
ALTER TABLE `teacher`
 ADD PRIMARY KEY (`teacher_id`);

--
-- Indexes for table `transport`
--
ALTER TABLE `transport`
 ADD PRIMARY KEY (`transport_id`);

--
-- AUTO_INCREMENT for dumped tables
--

--
-- AUTO_INCREMENT for table `acd_session`
--
ALTER TABLE `acd_session`
MODIFY `id` int(11) NOT NULL AUTO_INCREMENT,AUTO_INCREMENT=9;
--
-- AUTO_INCREMENT for table `admin`
--
ALTER TABLE `admin`
MODIFY `admin_id` int(11) NOT NULL AUTO_INCREMENT,AUTO_INCREMENT=2;
--
-- AUTO_INCREMENT for table `attendance`
--
ALTER TABLE `attendance`
MODIFY `attendance_id` int(11) NOT NULL AUTO_INCREMENT,AUTO_INCREMENT=38;
--
-- AUTO_INCREMENT for table `book`
--
ALTER TABLE `book`
MODIFY `book_id` int(11) NOT NULL AUTO_INCREMENT,AUTO_INCREMENT=4;
--
-- AUTO_INCREMENT for table `class`
--
ALTER TABLE `class`
MODIFY `class_id` int(11) NOT NULL AUTO_INCREMENT,AUTO_INCREMENT=8;
--
-- AUTO_INCREMENT for table `class_routine`
--
ALTER TABLE `class_routine`
MODIFY `class_routine_id` int(11) NOT NULL AUTO_INCREMENT,AUTO_INCREMENT=9;
--
-- AUTO_INCREMENT for table `document`
--
ALTER TABLE `document`
MODIFY `document_id` int(11) NOT NULL AUTO_INCREMENT;
--
-- AUTO_INCREMENT for table `dormitory`
--
ALTER TABLE `dormitory`
MODIFY `dormitory_id` int(11) NOT NULL AUTO_INCREMENT,AUTO_INCREMENT=4;
--
-- AUTO_INCREMENT for table `exam`
--
ALTER TABLE `exam`
MODIFY `exam_id` int(11) NOT NULL AUTO_INCREMENT,AUTO_INCREMENT=5;
--
-- AUTO_INCREMENT for table `expense_category`
--
ALTER TABLE `expense_category`
MODIFY `expense_category_id` int(11) NOT NULL AUTO_INCREMENT,AUTO_INCREMENT=6;
--
-- AUTO_INCREMENT for table `grade`
--
ALTER TABLE `grade`
MODIFY `grade_id` int(11) NOT NULL AUTO_INCREMENT,AUTO_INCREMENT=7;
--
-- AUTO_INCREMENT for table `invoice`
--
ALTER TABLE `invoice`
MODIFY `invoice_id` int(11) NOT NULL AUTO_INCREMENT,AUTO_INCREMENT=7;
--
-- AUTO_INCREMENT for table `language`
--
ALTER TABLE `language`
MODIFY `phrase_id` int(11) NOT NULL AUTO_INCREMENT,AUTO_INCREMENT=477;
--
-- AUTO_INCREMENT for table `mark`
--
ALTER TABLE `mark`
MODIFY `mark_id` int(11) NOT NULL AUTO_INCREMENT,AUTO_INCREMENT=55;
--
-- AUTO_INCREMENT for table `message`
--
ALTER TABLE `message`
MODIFY `message_id` int(11) NOT NULL AUTO_INCREMENT,AUTO_INCREMENT=10;
--
-- AUTO_INCREMENT for table `message_thread`
--
ALTER TABLE `message_thread`
MODIFY `message_thread_id` int(11) NOT NULL AUTO_INCREMENT,AUTO_INCREMENT=2;
--
-- AUTO_INCREMENT for table `noticeboard`
--
ALTER TABLE `noticeboard`
MODIFY `notice_id` int(11) NOT NULL AUTO_INCREMENT,AUTO_INCREMENT=4;
--
-- AUTO_INCREMENT for table `osad_acd_history`
--
ALTER TABLE `osad_acd_history`
MODIFY `id` int(11) NOT NULL AUTO_INCREMENT,AUTO_INCREMENT=2;
--
-- AUTO_INCREMENT for table `osad_student`
--
ALTER TABLE `osad_student`
MODIFY `id` int(11) NOT NULL AUTO_INCREMENT,AUTO_INCREMENT=2;
--
-- AUTO_INCREMENT for table `parent`
--
ALTER TABLE `parent`
MODIFY `parent_id` int(11) NOT NULL AUTO_INCREMENT,AUTO_INCREMENT=14;
--
-- AUTO_INCREMENT for table `payment`
--
ALTER TABLE `payment`
MODIFY `payment_id` int(11) NOT NULL AUTO_INCREMENT,AUTO_INCREMENT=7;
--
-- AUTO_INCREMENT for table `section`
--
ALTER TABLE `section`
MODIFY `section_id` int(11) NOT NULL AUTO_INCREMENT,AUTO_INCREMENT=9;
--
-- AUTO_INCREMENT for table `settings`
--
ALTER TABLE `settings`
MODIFY `settings_id` int(11) NOT NULL AUTO_INCREMENT,AUTO_INCREMENT=21;
--
-- AUTO_INCREMENT for table `student`
--
ALTER TABLE `student`
MODIFY `student_id` int(11) NOT NULL AUTO_INCREMENT,AUTO_INCREMENT=3;
--
-- AUTO_INCREMENT for table `subject`
--
ALTER TABLE `subject`
MODIFY `subject_id` int(11) NOT NULL AUTO_INCREMENT,AUTO_INCREMENT=16;
--
-- AUTO_INCREMENT for table `teacher`
--
ALTER TABLE `teacher`
MODIFY `teacher_id` int(11) NOT NULL AUTO_INCREMENT,AUTO_INCREMENT=14;
--
-- AUTO_INCREMENT for table `transport`
--
ALTER TABLE `transport`
MODIFY `transport_id` int(11) NOT NULL AUTO_INCREMENT,AUTO_INCREMENT=3;
--
-- Constraints for dumped tables
--

--
-- Constraints for table `osad_student`
--
ALTER TABLE `osad_student`
ADD CONSTRAINT `osad_student_ibfk_1` FOREIGN KEY (`acd_session_id`) REFERENCES `acd_session` (`id`);
